AREAS;o3G-FREE MOBILE;o3G-BOUYGUES TELECOM;o3G-SFR;o3G-ORANGE;o4G-FREE MOBILE;o4G-BOUYGUES TELECOM;o4G-SFR;o4G-ORANGE;o5G-FREE MOBILE;o5G-BOUYGUES TELECOM;o5G-SFR;o5G-ORANGE
531700000;23.798850487165808;25.898749059562796;34.12335180145098;35.06830615902962;214.18965438449226;233.08874153606516;307.1101662130588;315.6147554312666;0.0;0.0;0.0;0.0
531470101;33.97321056842009;36.9708467950454;48.71158868266116;50.06052498464255;305.7588951157808;332.7376211554086;438.4042981439504;450.5447248617829;0.0;0.0;0.0;0.0
531010000;16.94982178163645;18.445394291780847;24.303053289846385;24.97606091941136;152.54839603472806;166.00854862602762;218.72747960861744;224.78454827470225;0.0;0.0;0.0;0.0
532610000;3.373705534474402;3.6713854345750843;4.837298376636091;4.971254331681398;30.36334981026961;33.04246891117576;43.53568538972481;44.74128898513258;0.0;0.0;0.0;0.0
530620202;34.285072899283556;37.310226390396814;49.15874423059039;50.52006330159136;308.565656093552;335.79203751357136;442.42869807531355;454.68056971432225;0.0;0.0;0.0;0.0
531810000;16.64496887189481;18.11364259588553;23.865948014849177;24.526851190645;149.80471984705326;163.0227833629698;214.7935321336426;220.741660715805;0.0;0.0;0.0;0.0
531200000;9.28785198346262;10.107368334944615;13.317140711582432;13.68592306974933;83.59066785116357;90.96631501450155;119.8542664042419;123.17330762774398;0.0;0.0;0.0;0.0
530960102;54.592077169183455;59.40902515469965;78.27540476463804;80.44303135812034;491.32869452265106;534.6812263922968;704.4786428817424;723.987282223083;0.0;0.0;0.0;0.0
530540101;69.41598989235347;75.54093017697289;99.53027962506562;102.28650275314436;624.743909031181;679.868371592756;895.7725166255906;920.5785247782993;0.0;0.0;0.0;0.0
531930000;11.543763515550905;12.562330884570104;16.55171974656196;17.0100750626206;103.89387163995815;113.06097796113094;148.96547771905765;153.0906755635854;0.0;0.0;0.0;0.0
531000000;24.04273281495914;26.164150416279067;34.47303602144877;35.42767394204274;216.38459533463225;235.47735374651162;310.2573241930389;318.8490654783846;0.0;0.0;0.0;0.0
532180000;16.746586508475424;18.224226494517378;24.011649773181677;24.676587766900553;150.7192785762788;164.0180384506564;216.1048479586351;222.08928990210498;0.0;0.0;0.0;0.0
530910000;9.369146092727103;10.195835453850083;13.433702118248421;13.805712330753762;84.32231483454392;91.76251908465076;120.90331906423579;124.25141097678386;0.0;0.0;0.0;0.0
532420000;5.345087684137155;5.816713068031611;7.6639124882848915;7.876143911037396;48.10578915723439;52.350417612284495;68.97521239456402;70.88529519933657;0.0;0.0;0.0;0.0
530050000;47.028642209480516;51.17822828678762;67.43077375624044;69.29808749102864;423.25777988532457;460.60405458108863;606.876963806164;623.6827874192578;0.0;0.0;0.0;0.0
531850000;46.967671627532184;51.111877947608555;67.343352701241;69.20824554527536;422.7090446477896;460.00690152847704;606.090174311169;622.8742099074783;0.0;0.0;0.0;0.0
530780000;17.39693938259087;18.931963445760655;24.94414102650897;25.63490185493537;156.5724544433178;170.3876710118459;224.4972692385807;230.71411669441835;0.0;0.0;0.0;0.0
531470106;32.93377109962576;35.83969207900451;47.22121591490458;48.52888035562502;296.4039398966318;322.5572287110406;424.99094323414124;436.75992320062517;0.0;0.0;0.0;0.0
532060000;4.085028990538282;4.4454727249975425;5.857210684962977;6.0194103654696445;36.76526091484453;40.009254524977884;52.7148961646668;54.1746932892268;0.0;0.0;0.0;0.0
531110000;9.470763729307658;10.306419352481864;13.579403876580832;13.955448907009226;85.23687356376891;92.75777417233678;122.2146348892275;125.59904016308303;0.0;0.0;0.0;0.0
531900000;9.409793147359325;10.240069013302795;13.491982821581386;13.865606961255947;84.68813832623393;92.16062111972518;121.42784539423248;124.79046265130353;0.0;0.0;0.0;0.0
531790000;7.031940451374356;7.652405785319153;10.082561676602937;10.361771076878094;63.287464062369196;68.87165206787238;90.74305508942643;93.25593969190285;0.0;0.0;0.0;0.0
530420000;16.94982178163645;18.445394291780847;24.303053289846385;24.97606091941136;152.54839603472806;166.00854862602762;218.72747960861744;224.78454827470225;0.0;0.0;0.0;0.0
531950000;10.100793076107095;10.992039523998898;14.482754778241791;14.883815679793102;90.90713768496384;98.9283557159901;130.34479300417613;133.9543411181379;0.0;0.0;0.0;0.0
531470104;39.741923794711376;43.24856412953885;56.98290544094646;58.56089359161882;357.67731415240235;389.2370771658497;512.8461489685182;527.0480423245695;0.0;0.0;0.0;0.0
530150000;39.08214302888117;42.53056741378246;56.0368962546458;57.58868722785137;351.7392872599305;382.7751067240421;504.33206629181217;518.2981850506624;0.0;0.0;0.0;0.0
531840000;3.353382007158291;3.6492686548487288;4.808158024969608;4.941307016430305;30.180438064424617;32.84341789363856;43.273422224726474;44.47176314787275;0.0;0.0;0.0;0.0
532450000;18.59602749424143;20.236853449615676;26.663421774831463;27.401793454749875;167.36424744817285;182.1316810465411;239.97079597348318;246.61614109274888;0.0;0.0;0.0;0.0
531760000;11.15761649654486;12.142112069769405;15.998053064898878;16.441076072849924;100.41854846890372;109.27900862792465;143.9824775840899;147.96968465564933;0.0;0.0;0.0;0.0
530230000;11.198263551177101;12.18634562922214;16.056333768231873;16.50097070335214;100.7843719605939;109.67711066299927;144.50700391408685;148.50873633016926;0.0;0.0;0.0;0.0
532030000;10.69017536827429;11.633426136063198;15.327824976569753;15.752287822074761;96.2115783144686;104.70083522456879;137.95042478912777;141.77059039867285;0.0;0.0;0.0;0.0
532130000;10.100793076107095;10.992039523998898;14.482754778241791;14.883815679793102;90.90713768496384;98.9283557159901;130.34479300417613;133.9543411181379;0.0;0.0;0.0;0.0
532760000;18.596027494241476;20.236853449615722;26.663421774831527;27.40179345474994;167.36424744817324;182.13168104654153;239.97079597348372;246.61614109274944;0.0;0.0;0.0;0.0
532300000;4.654087755389386;5.064742557335508;6.673140531624487;6.857935192500242;41.886789798504466;45.58268301601958;60.058264784620384;61.72141673250218;0.0;0.0;0.0;0.0
531390000;8.332646199605449;9.067879687805931;11.947544183257815;12.27839925294803;74.99381579644904;81.61091719025339;107.52789764932032;110.50559327653228;0.0;0.0;0.0;0.0
531720000;8.515557945450407;9.266930705343091;12.2098073482561;12.547925090207807;76.64002150905365;83.40237634808783;109.88826613430489;112.93132581187025;0.0;0.0;0.0;0.0
531990000;4.410205427596055;4.799341200619237;6.323456311626697;6.498567409487129;39.691848848364494;43.19407080557313;56.911106804640276;58.487106685384155;0.0;0.0;0.0;0.0
530840101;47.194118548675206;51.358305479440666;67.66803762493872;69.54192174378318;424.7470669380768;462.22474931496606;609.0123386244484;625.8772956940486;0.0;0.0;0.0;0.0
530220000;10.44629304048098;11.36802477934695;14.978140756571992;15.392920039061678;94.0166373643288;102.31222301412255;134.80326680914794;138.53628035155512;0.0;0.0;0.0;0.0
530970103;70.60393389616911;76.8336927693605;101.23358168936011;104.03697318229624;635.4354050655219;691.5032349242446;911.1022352042411;936.3327586406662;0.0;0.0;0.0;0.0
532010101;55.93101158496004;60.86610084245652;80.1952004343177;82.41599060019111;503.37910426464026;547.7949075821086;721.7568039088593;741.7439154017201;0.0;0.0;0.0;0.0
532580000;18.839909822034823;20.502254806332015;27.013105994829342;27.761161237763076;169.55918839831338;184.52029325698814;243.11795395346408;249.8504511398677;0.0;0.0;0.0;0.0
531730000;3.80049960811273;4.135837808828559;5.4492457616322225;5.600147951954346;34.204496473014565;37.222540279457036;49.04321185469001;50.40133156758912;0.0;0.0;0.0;0.0
532670000;23.697232850585255;25.788165160931015;33.977650043118565;34.918569582774154;213.27509565526728;232.09348644837914;305.7988503880671;314.2671262449674;0.0;0.0;0.0;0.0
531360000;23.880144596430252;25.98721617846822;34.23991320811691;35.18809542003399;214.92130136787227;233.884945606214;308.15921887305217;316.6928587803059;0.0;0.0;0.0;0.0
531680000;24.388232779333023;26.540135671627116;34.96842199977897;35.93677830131131;219.4940950139972;238.86122104464405;314.7157979980107;323.4310047118018;0.0;0.0;0.0;0.0
531520000;57.75946463238726;62.85588798230378;82.8168794361435;85.11026994360593;519.8351816914852;565.7029918407341;745.3519149252913;765.9924294924533;0.0;0.0;0.0;0.0
531300112;84.37630586608142;91.82127403073568;120.98073267563146;124.33096834972586;759.3867527947327;826.3914662766211;1088.8265940806832;1118.9787151475327;0.0;0.0;0.0;0.0
531220000;15.039410213922034;16.36641699750339;21.563860233197033;22.161013285808643;135.35469192529828;147.2977529775305;194.0747420987733;199.4491195722778;0.0;0.0;0.0;0.0
532340000;7.458734525012684;8.116858159572626;10.694509061599069;10.990664697151042;67.12861072511414;73.05172343615364;96.25058155439162;98.91598227435938;0.0;0.0;0.0;0.0
530160000;25.038585653448575;27.24787262287051;35.90091325310641;36.89509238934628;225.34727088103713;245.2308536058346;323.1082192779577;332.05583150411655;0.0;0.0;0.0;0.0
532710000;56.11325891978207;61.06442882446873;80.45651095115811;82.6845374082671;505.0193302780385;549.5798594202186;724.108598560423;744.160836674404;0.0;0.0;0.0;0.0
532700000;2.215264477456083;2.4107289901727964;3.17629833164659;3.264257362369111;19.937380297104745;21.69656091155517;28.58668498481931;29.378316261322;0.0;0.0;0.0;0.0
530620201;69.52533158770099;75.65991966896873;99.68705632060068;102.44762095717115;625.7279842893088;680.9392770207186;897.183506885406;922.0285886145404;0.0;0.0;0.0;0.0
532200000;8.231028563024896;8.957295789174152;11.801842424925402;12.128662676692567;74.07925706722405;80.61566210256737;106.21658182432861;109.15796409023311;0.0;0.0;0.0;0.0
532220000;7.661969798173813;8.338025956836209;10.985912578263923;11.290137849662;68.95772818356431;75.04223361152589;98.87321320437532;101.61124064695801;0.0;0.0;0.0;0.0
531290000;7.804234489386568;8.492843414920678;11.18989503992927;11.49976905641962;70.2381104044791;76.4355907342861;100.70905535936343;103.49792150777658;0.0;0.0;0.0;0.0
531560000;5.101205356343825;5.551311711315339;7.314228268287101;7.516776128024283;45.91084820709442;49.96180540183805;65.82805441458392;67.65098515221854;0.0;0.0;0.0;0.0
531300101;71.73468586746579;78.06421697341865;102.85488047173403;105.70316946941283;645.612172807192;702.577952760768;925.6939242456062;951.3285252247153;0.0;0.0;0.0;0.0
530560000;20.28288026147861;22.072546166903194;29.08207096314948;29.887420620590543;182.54592235330747;198.65291550212876;261.7386386683453;268.98678558531486;0.0;0.0;0.0;0.0
530370000;14.876821995393104;16.189482759692496;21.330737419865113;21.921434763799837;133.8913979585379;145.70534483723247;191.976636778786;197.29291287419855;0.0;0.0;0.0;0.0
531920000;6.564499323103785;7.143719851612944;9.41233358827381;9.672982826102931;59.08049390793406;64.2934786645165;84.7110022944643;87.05684543492637;0.0;0.0;0.0;0.0
530250000;22.355880047721943;24.328457698991524;32.05438683313073;32.94204677620204;201.20292042949745;218.95611929092374;288.48948149817653;296.47842098581833;0.0;0.0;0.0;0.0
531160000;14.876821995393188;16.189482759692588;21.330737419865233;21.92143476379996;133.89139795853868;145.7053448372333;191.97663677878708;197.29291287419966;0.0;0.0;0.0;0.0
530380000;3.0078820427844066;3.273283399500678;4.312772046639407;4.432202657161729;27.070938385059655;29.4595505955061;38.81494841975466;39.889823914455555;0.0;0.0;0.0;0.0
532500000;8.251352090341006;8.979412568900507;11.830982776591885;12.15860999194366;74.26216881306905;80.81471312010457;106.47884498932696;109.42748992749294;0.0;0.0;0.0;0.0
531970000;18.169233420603103;19.772401075362204;26.051474389835334;26.772899834476927;163.5231007854279;177.95160967825984;234.463269508518;240.95609851029235;0.0;0.0;0.0;0.0
530620105;63.01564345978458;68.57584729447146;90.3533123136617;92.8554040392708;567.1407911380611;617.1826256502432;813.1798108229553;835.6986363534372;0.0;0.0;0.0;0.0
532530000;10.405645985848757;11.323791219894236;14.919860053239027;15.333025408559493;93.6508138726388;101.91412097904814;134.27874047915125;137.99722867703542;0.0;0.0;0.0;0.0
531270000;45.58567177003665;49.607936926216354;65.3618087879202;67.17182810820105;410.27104593032976;446.4714323359472;588.2562790912817;604.5464529738096;0.0;0.0;0.0;0.0
531450000;11.13729296922875;12.11999529004305;15.968912713232397;16.41112875759883;100.23563672305873;109.07995761038747;143.72021441909158;147.7001588183895;0.0;0.0;0.0;0.0
530300000;6.727087541632693;7.3206540894238135;9.6454564016057;9.912561348111703;60.54378787469423;65.88588680481433;86.80910761445129;89.21305213300533;0.0;0.0;0.0;0.0
531570000;26.42058551094411;28.75181364426271;37.88245716642722;38.93150982642059;237.785269598497;258.7663227983644;340.94211449784495;350.3835884377853;0.0;0.0;0.0;0.0
531600000;7.560352161593237;8.227442058204407;10.84021081993148;11.140401273406505;68.04316945433914;74.04697852383966;97.56189737938332;100.26361146065855;0.0;0.0;0.0;0.0
530390000;35.708437494406766;38.85918197920737;51.199597878009705;52.61743289616997;321.3759374496609;349.73263781286636;460.7963809020874;473.55689606552977;0.0;0.0;0.0;0.0
531150000;6.361264049942697;6.922552054349406;9.120930071609015;9.373509673592034;57.25137644948427;62.30296848914466;82.08837064448113;84.36158706232831;0.0;0.0;0.0;0.0
531210000;27.761938313807427;30.211521106202202;39.80572037641506;40.90803263299271;249.85744482426682;271.9036899558198;358.25148338773556;368.1722936969344;0.0;0.0;0.0;0.0
531630000;15.791380724618135;17.18473784737856;22.642053244856886;23.269063950099074;142.1224265215632;154.66264062640704;203.77847920371195;209.42157555089167;0.0;0.0;0.0;0.0
532110000;29.855261627366843;32.489549418016864;42.80717659806275;43.99260610385526;268.69735464630156;292.40594476215176;385.2645893825648;395.93345493469735;0.0;0.0;0.0;0.0
531020000;3.394029061790513;3.6935022143014407;4.866438728302573;5.001201646932491;30.54626155611461;33.24151992871297;43.79794855472316;45.01081482239242;0.0;0.0;0.0;0.0
530400000;12.864792791098171;13.999921566783305;18.445842604883406;18.956650553941717;115.78313511988353;125.99929410104976;166.01258344395066;170.60985498547547;0.0;0.0;0.0;0.0
532160000;20.303203788794722;22.094662946629555;29.111211314815964;29.917367935841636;182.7288340991525;198.85196651966598;262.0009018333437;269.25631142257475;0.0;0.0;0.0;0.0
530450000;14.0029103208004;15.23846123145926;20.077702298206457;20.633700208002942;126.02619288720359;137.14615108313333;180.6993206838581;185.7033018720265;0.0;0.0;0.0;0.0
531300108;71.2244760248772;77.50898861530756;102.12332959449306;104.95136026018672;641.0202842238948;697.580897537768;919.1099663504375;944.5622423416804;0.0;0.0;0.0;0.0
531090000;12.58026340867262;13.690286650614322;18.03787768155265;18.53738814042642;113.22237067805357;123.2125798555289;162.34089913397386;166.83649326383775;0.0;0.0;0.0;0.0
531300111;61.42488756892353;66.8447305897109;88.07244908779477;90.51137844714908;552.8239881203117;601.6025753073982;792.6520417901529;814.6024060243418;0.0;0.0;0.0;0.0
530670000;8.06844034449601;8.780361551363304;11.568719611593544;11.889084154683825;72.61596310046407;79.02325396226975;104.11847650434188;107.00175739215443;0.0;0.0;0.0;0.0
530760000;6.66611695968434;7.254303750244723;9.558035346606223;9.822719402358395;59.99505263715905;65.2887337522025;86.022318119456;88.40447462122555;0.0;0.0;0.0;0.0
532020000;6.503528741155473;7.077369512433897;9.324912533274391;9.583140880349681;58.53175867039925;63.69632561190508;83.92421279946952;86.24826792314714;0.0;0.0;0.0;0.0
530570000;10.243057767319849;11.146856982083367;14.686737239907137;15.09344688655072;92.18751990587863;100.3217128387503;132.18063515916424;135.8410219789565;0.0;0.0;0.0;0.0
531130000;12.437998717459822;13.535469192529808;17.833895219887246;18.327756933668738;111.9419884571384;121.81922273276827;160.5050569789852;164.94981240301865;0.0;0.0;0.0;0.0
530340000;123.70931077316676;134.62483819432856;177.37732059387884;182.28930793340163;1113.3837969585009;1211.623543748957;1596.3958853449094;1640.6037714006145;0.0;0.0;0.0;0.0
530660000;27.904203005020204;30.366338564286696;40.00970283808044;41.117663839750364;251.1378270451818;273.29704707858025;360.087325542724;370.05897455775323;0.0;0.0;0.0;0.0
532400000;8.942352019088815;9.731383079596654;12.821754733252346;13.176818710480873;80.48116817179934;87.58244771636988;115.39579259927112;118.59136839432786;0.0;0.0;0.0;0.0
530490000;14.389057339806484;15.658680046259999;20.631368979869592;21.202699197773672;129.50151605825835;140.92812041634;185.68232081882633;190.82429277996306;0.0;0.0;0.0;0.0
532590000;7.13355808795491;7.762989683950932;10.228263434935348;10.511507653133558;64.20202279159419;69.8669071555584;92.05437091441814;94.60356887820203;0.0;0.0;0.0;0.0
530620103;36.77216827902675;40.01677136247029;52.72480010595747;54.18487149350707;330.9495145112407;360.1509422622326;474.5232009536173;487.6638434415636;0.0;0.0;0.0;0.0
531300104;51.05908592524261;55.56429938923461;73.20971878986992;75.23706484866632;459.5317733271835;500.07869450311154;658.8874691088294;677.1335836379969;0.0;0.0;0.0;0.0
532290000;33.57446712621513;36.53692010794;48.13986095302905;49.472964794805236;302.17020413593616;328.83228097146;433.25874857726143;445.25668315324714;0.0;0.0;0.0;0.0
530470000;5.467028848033799;5.949413746389722;7.838754598283756;8.05582780254392;49.20325963230418;53.5447237175075;70.5487913845538;72.50245022289529;0.0;0.0;0.0;0.0
530870000;4.28826426369939;4.666640522261101;6.148614201627802;6.318883517980572;38.594378373294504;41.999764700349914;55.337527814650215;56.86995166182515;0.0;0.0;0.0;0.0
530280000;12.194116389666453;13.270067835813494;17.4842109998894;17.968389150655568;109.74704750699807;119.43061052232146;157.3578989990046;161.7155023559001;0.0;0.0;0.0;0.0
530690000;3.394029061790492;3.693502214301418;4.866438728302544;5.0012016469324605;30.546261556114427;33.24151992871276;43.79794855472289;45.01081482239215;0.0;0.0;0.0;0.0
532240000;23.839497541798035;25.94298261901551;34.18163250478395;35.12820078953181;214.5554778761823;233.4868435711396;307.6346925430555;316.1538071057863;0.0;0.0;0.0;0.0
531300116;3.0605221050092624;3.3305681730983148;4.388248606447104;4.509769337087177;27.544698945083358;29.975113557884836;39.49423745802393;40.587924033784596;0.0;0.0;0.0;0.0
531620000;19.876409715156395;21.63021057237608;28.49926392981983;29.28847431556869;178.88768743640753;194.67189515138472;256.49337536837845;263.59626884011817;0.0;0.0;0.0;0.0
531120000;7.987146235231565;8.69189443245788;11.452158204927612;11.769294893679454;71.88431611708408;78.22704989212093;103.0694238443485;105.92365404311508;0.0;0.0;0.0;0.0
531180000;4.836999501234383;5.263793574872711;6.935403696622829;7.1274610297600764;43.53299551110944;47.3741421738544;62.41863326960546;64.14714926784069;0.0;0.0;0.0;0.0
531300103;44.90273250750982;48.864738316995975;64.3825944041501;66.16549701841888;404.1245925675883;439.7826448529638;579.4433496373509;595.4894731657698;0.0;0.0;0.0;0.0
530830000;17.884704038177553;19.46276615919322;25.64350946650458;26.35363742096163;160.96233634359794;175.16489543273897;230.7915851985412;237.18273678865467;0.0;0.0;0.0;0.0
530680000;3.231440843261626;3.516567976490593;4.633315914970714;4.761623124923749;29.08296758935463;31.64911178841534;41.69984323473642;42.85460812431374;0.0;0.0;0.0;0.0
531330000;14.714233776864258;16.012548521881694;21.097614606533313;21.681856241791156;132.4281039917783;144.11293669693526;189.8785314587998;195.1367061761204;0.0;0.0;0.0;0.0
531910000;5.0199112470793805;5.4628445924099145;7.197666861621171;7.396986867019911;45.17920122371442;49.16560133168924;64.77900175459054;66.5728818031792;0.0;0.0;0.0;0.0
531320000;5.8328523397238365;6.347515781464175;8.363280928280501;8.594879477063653;52.49567105751452;57.12764203317758;75.26952835452451;77.35391529357288;0.0;0.0;0.0;0.0
530980000;8.861057909824373;9.64291596069123;12.705193326586416;13.057029449476502;79.74952118841935;86.78624364622107;114.34673993927775;117.51326504528852;0.0;0.0;0.0;0.0
530590000;8.373293254237671;9.112113247258643;12.00582488659078;12.338293883450216;75.35963928813904;82.00901922532779;108.05242397931701;111.04464495105195;0.0;0.0;0.0;0.0
531440000;15.832027779250357;17.22897140683127;22.70033394818985;23.32895858060126;142.48825001325318;155.06074266148144;204.30300553370864;209.96062722541134;0.0;0.0;0.0;0.0
530010000;36.968496188005645;40.23042232224144;53.00629968133162;54.47416644173773;332.71646569205075;362.07380090017296;477.0566971319846;490.26749797563957;0.0;0.0;0.0;0.0
531860000;43.472024929161115;47.307791834675335;62.33121221460601;64.05730732208741;391.24822436245;425.77012651207804;560.9809099314541;576.5157658987866;0.0;0.0;0.0;0.0
530350000;11.70635173407985;12.739265122381015;16.784842559893903;17.249653584629428;105.35716560671865;114.65338610142915;151.06358303904514;155.24688226166487;0.0;0.0;0.0;0.0
530540102;55.12658550077365;59.99069598613604;79.04179538713869;81.23064510555176;496.1392695069628;539.9162638752243;711.3761584842482;731.0758059499659;0.0;0.0;0.0;0.0
531460000;38.513084264029864;41.911297581444266;55.220966407984;56.75016240082048;346.61775837626874;377.20167823299846;496.98869767185596;510.75146160738433;0.0;0.0;0.0;0.0
531240000;28.595202933767975;31.118309074982797;41.000474794740846;42.13587255828752;257.3568264039117;280.06478167484516;369.0042731526676;379.22285302458766;0.0;0.0;0.0;0.0
530890000;10.222734240003781;11.124740202357057;14.657596888240715;15.063499571299689;92.00460816003401;100.12266182121351;131.91837199416642;135.5714961416972;0.0;0.0;0.0;0.0
530510000;11.990881116505404;13.048900038549998;17.19280748322466;17.668915998144726;107.91793004854863;117.44010034695;154.73526734902194;159.02024398330255;0.0;0.0;0.0;0.0
531080000;11.360851769705967;12.363279867032965;16.2894565815637;16.74054922536085;102.2476659273537;111.26951880329669;146.60510923407332;150.66494302824768;0.0;0.0;0.0;0.0
531550000;27.680644204542983;30.123053987296775;39.68915896974913;40.78824337198834;249.1257978408868;271.107485885671;357.2024307277422;367.09419034789505;0.0;0.0;0.0;0.0
530630000;9.369146092727124;10.195835453850107;13.43370211824845;13.805712330753792;84.3223148345441;91.76251908465096;120.90331906423604;124.25141097678413;0.0;0.0;0.0;0.0
531190000;86.8830792763739;94.5492333301716;124.57500337421257;128.02477269842154;781.947713487365;850.9430999715445;1121.1750303679132;1152.2229542857938;0.0;0.0;0.0;0.0
531040000;27.03029133042744;29.415317036053388;38.756667716421696;39.82992928395337;243.2726219738469;264.7378533244805;348.81000944779527;358.46936355558034;0.0;0.0;0.0;0.0
531650000;7.174205142587111;7.80722324340362;10.286544138268283;10.571402283635713;64.56784628328398;70.26500919063258;92.57889724441455;95.14262055272141;0.0;0.0;0.0;0.0
531610000;64.64914039254863;70.35347630953821;92.69545865108076;95.26240981372607;581.8422635329375;633.181286785844;834.2591278597267;857.3616883235346;0.0;0.0;0.0;0.0
532630000;5.812528812407705;6.325399001737797;8.334140576613988;8.56493216181253;52.31275931166934;56.92859101564017;75.0072651895259;77.08438945631276;0.0;0.0;0.0;0.0
531300105;59.650422393583185;64.91369495772288;85.52817916727001;87.89665182113286;536.8538015422486;584.223254619506;769.75361250543;791.0698663901958;0.0;0.0;0.0;0.0
531430000;10.50726362242929;11.434375118525994;15.06556181157141;15.482761984814926;94.56537260186361;102.90937606673396;135.59005630414268;139.34485786333434;0.0;0.0;0.0;0.0
531410000;23.331409358895257;25.390063125856607;33.453123713121876;34.379517908254485;209.98268423005732;228.51056813270947;301.0781134180969;309.41566117429034;0.0;0.0;0.0;0.0
531470105;36.19557148014782;39.389298375454985;51.89806204874136;53.33523915162958;325.76014332133036;354.50368537909486;467.0825584386722;480.01715236466623;0.0;0.0;0.0;0.0
532690000;12.295734026247066;13.380651734445339;17.629912758221895;18.118125726911117;110.66160623622359;120.42586561000805;158.66921482399707;163.06313154220007;0.0;0.0;0.0;0.0
532250000;10.22273424000376;11.124740202357033;14.657596888240686;15.063499571299658;92.00460816003383;100.12266182121331;131.91837199416616;135.57149614169694;0.0;0.0;0.0;0.0
532560000;3.617587862267732;3.9367867912913557;5.1869825966338805;5.330622114694511;32.558290760409584;35.431081121622206;46.682843369704926;47.9755990322506;0.0;0.0;0.0;0.0
530080000;36.8872020787412;40.14195520333601;52.88973827466569;54.35437718073336;331.98481870867073;361.27759683002415;476.0076444719912;489.18939462660023;0.0;0.0;0.0;0.0
532720000;3.6785584442160646;4.0031371304704235;5.274403651633328;5.420464060447789;33.107025997944575;36.028234174233816;47.46963286469995;48.7841765440301;0.0;0.0;0.0;0.0
531400000;89.13899080846241;97.00419587979734;127.80958240919243;131.34892469129315;802.2509172761615;873.0377629181761;1150.2862416827318;1182.1403222216384;0.0;0.0;0.0;0.0
531980000;4.75570539196994;5.175326455967288;6.8188422899568994;7.0076717687557055;42.80134852772945;46.57793810370559;61.36958060961209;63.06904591880135;0.0;0.0;0.0;0.0
531300102;44.46511932742283;48.388512209254266;63.75513432976068;65.52066112658483;400.18607394680544;435.4966098832884;573.7962089678462;589.6859501392634;0.0;0.0;0.0;0.0
532380000;10.629204786325978;11.567075796884152;15.240403921570335;15.662445876321515;95.6628430769338;104.10368217195739;137.16363529413303;140.96201288689363;0.0;0.0;0.0;0.0
531100000;20.4048214253753;22.205246845261357;29.256913073148404;30.06710451209713;183.64339282837767;199.8472216073522;263.31221765833567;270.60394060887415;0.0;0.0;0.0;0.0
532660000;4.674411282705517;5.086859337061886;6.702280883290999;6.887882507751365;42.06970154434965;45.78173403355698;60.320527949618985;61.99094256976228;0.0;0.0;0.0;0.0
531230000;29.73332046347018;32.35684873965873;42.63233448806386;43.8129222123487;267.59988417123157;291.2116386569285;383.69101039257475;394.31629991113834;0.0;0.0;0.0;0.0
532010102;93.40626713382252;101.64799658680687;133.92810361099552;137.63688186483847;840.6564042044026;914.8319692812619;1205.3529324989597;1238.7319367835464;0.0;0.0;0.0;0.0
531300110;58.865119424567744;64.0591005502649;84.40219329257876;86.73948479914247;529.7860748211097;576.5319049523841;759.6197396332087;780.6553631922823;0.0;0.0;0.0;0.0
531470103;28.56026735411163;31.080290944180305;40.95038333861594;42.08439395414685;257.04240618700464;279.72261849762276;368.5534500475435;378.7595455873216;0.0;0.0;0.0;0.0
530970201;31.684379085817024;34.480059593389115;45.42980824804647;46.68786447645391;285.15941177235317;310.32053634050203;408.86827423241823;420.1907802880852;0.0;0.0;0.0;0.0
531300109;47.908188917084296;52.135382056827034;68.69188852081939;70.59412543370362;431.1737002537586;469.2184385114433;618.2269966873746;635.3471289033326;0.0;0.0;0.0;0.0
530710000;9.856910748313764;10.726638167282626;14.133070558244;14.524447896779987;88.71219673482388;96.53974350554364;127.197635024196;130.7200310710199;0.0;0.0;0.0;0.0
532510000;9.125263764933774;9.930434097133812;13.08401789825063;13.446344547740647;82.12737388440395;89.37390687420432;117.75616108425568;121.01710092966583;0.0;0.0;0.0;0.0
531300114;50.39968906204821;54.846720449875995;72.26426005220148;74.26542417672398;453.5972015584338;493.620484048884;650.3783404698133;668.3888175905158;0.0;0.0;0.0;0.0
531300117;36.78838181501851;40.03441550457897;52.74804745535743;54.20876261565963;331.0954363351666;360.3097395412108;474.7324270982169;487.8788635409367;0.0;0.0;0.0;0.0
530480000;23.656585795953035;25.743931601478305;33.919369339785604;34.858674952271976;212.9092721635773;231.69538441330477;305.2743240580704;313.72807457044775;0.0;0.0;0.0;0.0
530620108;44.15706315202447;48.05327460661487;63.313436137093916;65.0667312916596;397.4135683682202;432.47947145953384;569.8209252338452;585.6005816249364;0.0;0.0;0.0;0.0
530330000;2.3575291686688593;2.565546448257288;3.380280793311967;3.47388856912676;21.21776251801973;23.089918034315595;30.422527139807706;31.26499712214084;0.0;0.0;0.0;0.0
530720000;24.93696801686802;27.13728872423873;35.755211494774;36.74535581309082;224.43271215181215;244.23559851814858;321.796903452966;330.7082023178174;0.0;0.0;0.0;0.0
530070000;57.31234703143261;62.36931882832372;82.17579169948058;84.45142900808158;515.8111232828934;561.3238694549135;739.5821252953252;760.0628610727342;0.0;0.0;0.0;0.0
531540000;18.575703966925342;20.214736669889344;26.63428142316501;27.37184613949881;167.18133570232806;181.9326300290041;239.7085328084851;246.34661525548933;0.0;0.0;0.0;0.0
530580000;6.991293396742154;7.608172225866462;10.02428097327;10.301876446375939;62.92164057067938;68.47355003279816;90.21852875943;92.71688801738345;0.0;0.0;0.0;0.0
530090000;13.189969228155944;14.353790042404999;18.912088231547127;19.4358075979592;118.70972305340348;129.18411038164498;170.20879408392412;174.9222683816328;0.0;0.0;0.0;0.0
532490000;9.470763729307658;10.306419352481864;13.579403876580832;13.955448907009226;85.23687356376891;92.75777417233678;122.2146348892275;125.59904016308303;0.0;0.0;0.0;0.0
531500000;18.59602749424143;20.236853449615676;26.663421774831463;27.401793454749875;167.36424744817285;182.1316810465411;239.97079597348318;246.61614109274888;0.0;0.0;0.0;0.0
532360000;3.4549996437388453;3.7598525534805085;4.953859783302021;5.091043592685769;31.094996793649603;33.83867298132458;44.58473804971819;45.81939233417192;0.0;0.0;0.0;0.0
531800000;13.189969228155924;14.353790042404976;18.912088231547095;19.43580759795917;118.7097230534033;129.18411038164479;170.20879408392386;174.92226838163253;0.0;0.0;0.0;0.0
532570000;6.503528741155473;7.077369512433897;9.324912533274391;9.583140880349681;58.53175867039925;63.69632561190508;83.92421279946952;86.24826792314714;0.0;0.0;0.0;0.0
530020000;12.275410498930977;13.358534954719005;17.600772406555446;18.088178411660056;110.47869449037879;120.22681459247106;158.406951658999;162.79360570494052;0.0;0.0;0.0;0.0
532640000;3.9630878266416167;4.312772046639407;5.682368574964083;5.839726473963088;35.66779043977454;38.814948419754664;51.14131717467674;52.557538265667795;0.0;0.0;0.0;0.0
530100000;9.226881401514307;10.04101799576557;13.229719656583013;13.59608112399608;83.04193261362876;90.36916196189013;119.06747690924712;122.36473011596473;0.0;0.0;0.0;0.0
531300106;44.627720045705516;48.565460049738356;63.98827506553364;65.76025806734842;401.64948041134954;437.0891404476452;575.8944755898027;591.8423226061358;0.0;0.0;0.0;0.0
532470000;44.99628947786943;48.96655031415203;64.5167385895922;66.30335596591937;404.9666053008248;440.6989528273683;580.6506473063298;596.7302036932743;0.0;0.0;0.0;0.0
532120000;8.718793218611557;9.488098502606695;12.501210864920981;12.847398242718794;78.469138967504;85.39288652346025;112.51089778428884;115.62658418446914;0.0;0.0;0.0;0.0
530990000;22.254262411141386;24.217873800359747;31.908685074798314;32.79231019994658;200.28836170027247;217.96086420323772;287.1781656731848;295.13079179951916;0.0;0.0;0.0;0.0
532370000;9.389469620043194;10.217952233576417;13.462842469914873;13.835659646004824;84.50522658038874;91.96157010218776;121.16558222923386;124.52093681404342;0.0;0.0;0.0;0.0
532650000;15.364586650979806;16.720285473125085;22.03010585986075;22.640170329826127;138.28127985881824;150.48256925812575;198.27095273874676;203.76153296843512;0.0;0.0;0.0;0.0
531470102;44.1815575344882;48.07993025811952;63.348556759008815;65.10282448464291;397.63401781039374;432.7193723230757;570.1370108310794;585.9254203617862;0.0;0.0;0.0;0.0
530520000;6.1173817221493465;6.657150697633113;8.771245851611196;9.014141890578891;55.05643549934411;59.91435627869802;78.94121266450077;81.12727701521001;0.0;0.0;0.0;0.0
530530000;10.344675403900425;11.25744088071517;14.83243899823958;15.243183462806215;93.10207863510382;101.31696792643653;133.49195098415623;137.18865116525595;0.0;0.0;0.0;0.0
532460000;39.061819501564855;42.508450634055876;56.00775590297902;57.55873991259998;351.55637551408364;382.5760557065029;504.0698031268112;518.0286592133998;0.0;0.0;0.0;0.0
530850000;3.9427642993255057;4.29065526691305;5.6532282232976;5.809779158711995;35.484878693929545;38.615897402217456;50.8790540096784;52.28801242840795;0.0;0.0;0.0;0.0
531300115;33.520892643767645;36.478618465276554;48.063044599519785;49.3940212191988;301.6880337939088;328.30756618748904;432.5674013956781;444.54619097278913;0.0;0.0;0.0;0.0
530210000;20.608056698536405;22.426414642524914;29.54831658981323;30.36657766460806;185.47251028682763;201.83773178272423;265.9348493083191;273.2991989814725;0.0;0.0;0.0;0.0
530790000;7.60099921622546;8.271675617657118;10.898491523264445;11.200295903908692;68.40899294602913;74.44508055891407;98.08642370938001;100.80266313517824;0.0;0.0;0.0;0.0
531580000;21.116144881439176;22.97933413568381;30.27682538147529;31.115260545885377;190.04530393295258;206.81400722115433;272.49142843327763;280.03734491296836;0.0;0.0;0.0;0.0
531870000;4.715058337337719;5.131092896514576;6.760561586623934;6.94777713825352;42.43552503603946;46.17983606863119;60.84505427961541;62.52999424428168;0.0;0.0;0.0;0.0
531170000;10.080469548791024;10.969922744272585;14.453614426575365;14.853868364542068;90.72422593911921;98.72930469845328;130.08252983917828;133.6848152808786;0.0;0.0;0.0;0.0
530430000;11.076322387280417;12.053644950863983;15.88149165823295;16.321286811845557;99.68690148552373;108.48280455777585;142.93342492409656;146.89158130661;0.0;0.0;0.0;0.0
532430000;35.91167276756788;39.080349776470925;51.491001394674534;52.9169060486809;323.20505490811087;351.7231479882384;463.4190125520708;476.2521544381281;0.0;0.0;0.0;0.0
532330000;7.153881615271021;7.785106463677288;10.25740378660183;10.541454968384652;64.38493453743918;70.0659581730956;92.31663407941649;94.87309471546186;0.0;0.0;0.0;0.0
530550000;12.437998717459843;13.53546919252983;17.833895219887275;18.32775693366877;111.94198845713858;121.81922273276848;160.50505697898546;164.9498124030189;0.0;0.0;0.0;0.0
531050000;4.613440700757164;5.020508997882796;6.614859828291522;6.7980405619980555;41.520966306814465;45.184580980945164;59.533738454623695;61.1823650579825;0.0;0.0;0.0;0.0
530270000;4.0037348812738385;4.357005606092118;5.740649278297047;5.8996211044652735;36.03361393146454;39.213050454829066;51.665843504673425;53.096589940187464;0.0;0.0;0.0;0.0
531770000;6.544175795787716;7.121603071886632;9.383193236607386;9.643035510851899;58.897582162089435;64.0944276469797;84.44873912946647;86.78731959766708;0.0;0.0;0.0;0.0
532480000;2.8656173515716303;3.118465941416186;4.108789584974029;4.222571450404079;25.790556164144668;28.066193472745677;36.97910626476626;38.003143053636705;0.0;0.0;0.0;0.0
531640000;7.031940451374377;7.652405785319175;10.082561676602966;10.361771076878124;63.28746406236938;68.87165206787257;90.74305508942669;93.25593969190312;0.0;0.0;0.0;0.0
530180000;26.15637965583467;28.464295507820083;37.50363259476295;38.54219472815638;235.407416902512;256.1786595703808;337.5326933528665;346.87975255340746;0.0;0.0;0.0;0.0
532550000;26.054762019254117;28.353711609188302;37.35793083643053;38.39245815190092;234.492858173287;255.18340448269475;336.2213775278748;345.5321233671083;0.0;0.0;0.0;0.0
531370000;55.17837666324097;60.04705695705635;79.11605477449991;81.30696090671684;496.60538996916864;540.4235126135071;712.0444929704993;731.7626481604515;0.0;0.0;0.0;0.0
530970102;37.98467255381119;41.33626130855923;54.46331726465574;55.971532204292366;341.86205298430065;372.02635177703314;490.1698553819017;503.7437898386313;0.0;0.0;0.0;0.0
530170000;19.144762731776424;20.834006502227286;27.45021126982649;28.21037096652938;172.3028645859878;187.50605852004557;247.0519014284384;253.8933386987644;0.0;0.0;0.0;0.0
530770000;64.42558159207141;70.1101917325483;92.37491478274944;94.93298934596405;579.8302343286426;630.9917255929347;831.374233044745;854.3969041136764;0.0;0.0;0.0;0.0
530410000;5.5483229572982635;6.037880865295169;7.955316004949716;8.175617063548323;49.93490661568436;54.340927787656526;71.59784404454744;73.58055357193491;0.0;0.0;0.0;0.0
530110000;17.783086401596996;19.352182260561438;25.497807708172164;26.203900844706165;160.04777761437296;174.16964034505295;229.4802693735495;235.8351076023555;0.0;0.0;0.0;0.0
532620000;22.07135066529639;24.018822782822543;31.64642190979997;32.522784362686735;198.64215598766748;216.1694050454029;284.81779718819973;292.70505926418065;0.0;0.0;0.0;0.0
531820000;36.54170211436732;39.76596994798796;52.39435229633549;53.84527282146478;328.87531902930584;357.8937295318917;471.54917066701944;484.60745539318305;0.0;0.0;0.0;0.0
530290000;25.384085617822457;27.62385787821856;36.39629923143661;37.40419674861486;228.45677056040208;248.61472090396703;327.5666930829295;336.6377707375337;0.0;0.0;0.0;0.0
530840102;44.36337201040419;48.2777871877928;63.60924663256483;65.37073346238971;399.27034809363766;434.5000846901352;572.4832196930835;588.3366011615074;0.0;0.0;0.0;0.0
532090000;11.19826355117708;12.186345629222117;16.056333768231845;16.50097070335211;100.78437196059372;109.67711066299907;144.5070039140866;148.508736330169;0.0;0.0;0.0;0.0
531530000;13.027381009627058;14.176855804594151;18.678965418215267;19.19622907595046;117.2464290866435;127.59170224134738;168.1106887639374;172.76606168355414;0.0;0.0;0.0;0.0
530460000;6.259646413362144;6.8119681557176275;8.975228313276602;9.22377309733657;56.33681772025928;61.30771340145865;80.77705481948942;83.01395787602914;0.0;0.0;0.0;0.0
532210000;7.8652050713349;8.559193754099745;11.277316094928716;11.589611002172896;70.78684564201409;77.03274378689771;101.49584485435845;104.30649901955607;0.0;0.0;0.0;0.0
531250000;23.392379940843593;25.456413465035677;33.54054476812133;34.46935985400776;210.53141946759231;229.1077211853211;301.86490291309195;310.2242386860699;0.0;0.0;0.0;0.0
532320000;6.279969940678254;6.834084935443982;9.004368664943083;9.253720412587661;56.51972946610427;61.50676441899584;81.03931798448775;83.28348371328896;0.0;0.0;0.0;0.0
531510000;22.43717415698638;24.416924817896945;32.17094823979665;33.061836037206405;201.9345674128774;219.7523233610725;289.53853415816985;297.5565243348576;0.0;0.0;0.0;0.0
531070000;51.804671128766564;56.37567152248126;74.27875639786383;76.33570657503543;466.24204015889904;507.3810437023314;668.5088075807744;687.0213591753189;0.0;0.0;0.0;0.0
531890000;2.1542938955077506;2.3443786509937286;3.0888772766471426;3.1744154166158327;19.388645059569754;21.09940785894356;27.79989548982428;28.56973874954249;0.0;0.0;0.0;0.0
530030000;54.64996495302229;59.47202068417132;78.35840563117166;80.52833071018873;491.84968457720055;535.2481861575419;705.225650680545;724.7549763916985;0.0;0.0;0.0;0.0
531300113;45.94893980548468;50.00325802361568;65.88267104462876;67.70711424278771;413.540458249362;450.02932221254116;592.9440394016589;609.3640281850894;0.0;0.0;0.0;0.0
530620102;60.24265109125514;65.55817912871883;86.37733060878494;88.7693182256436;542.1838598212962;590.0236121584695;777.3959754790645;798.9238640307925;0.0;0.0;0.0;0.0
531300107;57.84460929458694;62.9485454088152;82.93896185620922;85.23573310761194;520.6014836512824;566.5369086793369;746.4506567058829;767.1215979685074;0.0;0.0;0.0;0.0
530800000;2.682705605726633;2.9194149238789833;3.846526419975687;3.9530456131442446;24.144350451539694;26.274734314910848;34.618737779781185;35.5774105182982;0.0;0.0;0.0;0.0
531470107;46.05878883610625;50.12279961576269;66.04017516941705;67.86898002026244;414.52909952495617;451.1051965418642;594.3615765247534;610.820820182362;0.0;0.0;0.0;0.0
530730000;18.189556947919193;19.794517855088536;26.080614741501787;26.802847149727988;163.70601253127273;178.15066069579683;234.72553267351606;241.2256243475519;0.0;0.0;0.0;0.0
531300118;28.81310898724249;31.355442133175654;41.31291362141387;42.45696353708379;259.3179808851824;282.1989791985809;371.8162225927248;382.1126718337541;0.0;0.0;0.0;0.0
531280000;7.316469833799907;7.962040701488135;10.490526599933691;10.781033490393392;65.84822850419916;71.65836631339322;94.41473939940322;97.02930141354054;0.0;0.0;0.0;0.0
531300119;48.696310425333685;52.99304369815725;69.82191568338285;71.75544565615347;438.26679382800313;476.9373932834153;628.3972411504458;645.7990109053811;0.0;0.0;0.0;0.0
532190000;29.00167348009019;31.560644669509916;41.5832818280705;42.73481886330937;261.0150613208117;284.04580202558924;374.24953645263446;384.61336976978436;0.0;0.0;0.0;0.0
530750000;5.649940593878817;6.148464763926949;8.101017763282128;8.325353639803787;50.84946534490935;55.336182875342544;72.90915986953915;74.92818275823409;0.0;0.0;0.0;0.0
531690000;8.434263836186025;9.178463586437735;12.093245941590258;12.428135829203526;75.90837452567422;82.6061722779396;108.83921347431232;111.85322246283174;0.0;0.0;0.0;0.0
530940000;46.09375995293942;50.16085641937526;66.09031757958226;67.92051098947839;414.84383957645474;451.4477077743773;594.8128582162403;611.2845989053054;0.0;0.0;0.0;0.0
531060000;10.385322458532647;11.301674440167881;14.890719701572547;15.3030780933084;93.46790212679382;101.71506996151093;134.01647731415292;137.72770283977562;0.0;0.0;0.0;0.0
531420000;5.93446997630439;6.4580996800959545;8.508982686612912;8.744616053319117;53.41022978673951;58.1228971208636;76.58084417951622;78.70154447987206;0.0;0.0;0.0;0.0
530620104;35.73388702830742;38.8868770602169;51.236088018529024;52.654933532888286;321.60498325476675;349.9818935419521;461.1247921667612;473.89440179599455;0.0;0.0;0.0;0.0
530610000;9.470763729307658;10.306419352481864;13.579403876580832;13.955448907009226;85.23687356376891;92.75777417233678;122.2146348892275;125.59904016308303;0.0;0.0;0.0;0.0
530880000;17.315645273326446;18.843496326855252;24.827579619843068;25.51511259393103;155.840807459938;169.59146694169726;223.4482165785876;229.63601334537927;0.0;0.0;0.0;0.0
531350000;15.039410213922054;16.36641699750341;21.56386023319706;22.161013285808675;135.35469192529848;147.2977529775307;194.07474209877356;199.44911957227805;0.0;0.0;0.0;0.0
532100000;31.501467339971825;34.28100857585169;45.167545083047834;46.41833863919378;283.5132060597464;308.5290771826653;406.5079057474305;417.765047752744;0.0;0.0;0.0;0.0
530120000;9.877234275629855;10.74875494700896;14.162210909910453;14.55439521203105;88.89510848066868;96.73879452308064;127.45989818919406;130.98955690827944;0.0;0.0;0.0;0.0
532600000;8.820410855192069;9.59868240123843;12.646912623253336;12.997134818974198;79.38369769672862;86.38814161114587;113.82221360928001;116.97421337076777;0.0;0.0;0.0;0.0
530360000;21.888438919451392;23.81977176528534;31.384158744801628;32.2532585254269;196.99595027506248;214.37794588756805;282.45742870321465;290.27932672884214;0.0;0.0;0.0;0.0
531300120;62.18702163460782;67.67411177883793;89.16521484373915;91.63440540864269;559.6831947114703;609.0670060095413;802.4869335936523;824.7096486777842;0.0;0.0;0.0;0.0
530640000;20.343850843426967;22.138896506082286;29.169492018148958;29.977262566343853;183.09465759084267;199.2500685547406;262.5254281633406;269.7953630970947;0.0;0.0;0.0;0.0
532260000;17.234351164062005;18.75502920794983;24.71101821317714;25.39532333292666;155.10916047655803;168.7952628715485;222.39916391859424;228.55790999633993;0.0;0.0;0.0;0.0
531740000;17.13273352748151;18.644445309318115;24.56531645484481;25.245586756671283;154.19460174733356;167.80000778386304;221.0878480936033;227.21028081004155;0.0;0.0;0.0;0.0
530310000;10.121116603423205;11.014156303725255;14.511895129908273;14.913762995044195;91.09004943080885;99.1274067335273;130.60705616917446;134.22386695539777;0.0;0.0;0.0;0.0
531960000;7.438410997696552;8.094741379846248;10.665368709932556;10.960717381899919;66.94569897926895;72.85267241861624;95.988318389393;98.64645643709927;0.0;0.0;0.0;0.0
532730000;22.43717415698638;24.416924817896945;32.17094823979665;33.061836037206405;201.9345674128774;219.7523233610725;289.53853415816985;297.5565243348576;0.0;0.0;0.0;0.0
530960101;61.49591086044153;66.9220206422452;88.17428395430956;90.6160333561212;553.4631977439738;602.2981857802068;793.568555588786;815.5443002050908;0.0;0.0;0.0;0.0
532040000;7.8652050713349;8.559193754099745;11.277316094928716;11.589611002172896;70.78684564201409;77.03274378689771;101.49584485435845;104.30649901955607;0.0;0.0;0.0;0.0
530190000;2.3981762233010806;2.60978000771;3.438561496644932;3.5337831996289455;21.583586009709723;23.48802006939;30.947053469804388;31.80404879666051;0.0;0.0;0.0;0.0
532080000;9.958528384894318;10.837222065914407;14.278772316576413;14.674184473035451;89.62675546404886;97.53499859322966;128.50895084918773;132.06766025731906;0.0;0.0;0.0;0.0
530740000;17.09208647284923;18.600211749865338;24.50703575151176;25.18569212616901;153.82877825564304;167.40190574878804;220.56332176360584;226.6712291355211;0.0;0.0;0.0;0.0
531480000;4.674411282705517;5.086859337061886;6.702280883290999;6.887882507751365;42.06970154434965;45.78173403355698;60.320527949618985;61.99094256976228;0.0;0.0;0.0;0.0
532000000;23.006232921837487;25.03619465023491;32.98687808645816;33.900360864237;207.05609629653736;225.32575185211422;296.88190277812345;305.10324777813304;0.0;0.0;0.0;0.0
530130000;11.686028206763742;12.71714834265466;16.755702208227422;17.219706269378335;105.17425386087366;114.45433508389195;150.8013198740468;154.97735642440503;0.0;0.0;0.0;0.0
530970101;34.65161407396901;37.709109433436865;49.68429959135262;51.06017250311316;311.86452666572103;339.3819849009318;447.15869632217357;459.5415525280184;0.0;0.0;0.0;0.0
530860000;13.616763301794272;14.818242416658475;19.52403561654326;20.06470121823215;122.55086971614844;133.36418174992627;175.71632054888934;180.58231096408934;0.0;0.0;0.0;0.0
531880000;51.560788800973036;56.110270165764774;73.92907217786575;75.97633879202203;464.0470992087573;504.992431491883;665.3616496007918;683.7870491281983;0.0;0.0;0.0;0.0
531340000;3.353382007158291;3.6492686548487288;4.808158024969608;4.941307016430305;30.180438064424617;32.84341789363856;43.273422224726474;44.47176314787275;0.0;0.0;0.0;0.0
530260000;10.629204786325998;11.567075796884176;15.240403921570365;15.662445876321545;95.66284307693398;104.10368217195759;137.1636352941333;140.96201288689392;0.0;0.0;0.0;0.0
531140000;4.125676045170484;4.489706284450232;5.915491388295914;6.079304995971801;37.13108440653435;40.407356560052094;53.23942249466322;54.71374496374621;0.0;0.0;0.0;0.0
532230000;6.950646342109913;7.563938666413729;9.966000269937007;10.241981815873725;62.55581707898921;68.07544799772356;89.69400242943307;92.17783634286351;0.0;0.0;0.0;0.0
531780000;4.613440700757164;5.020508997882796;6.614859828291522;6.7980405619980555;41.520966306814465;45.184580980945164;59.533738454623695;61.1823650579825;0.0;0.0;0.0;0.0
530930000;5.609293539246595;6.104231204474236;8.042737059949163;8.265459009301601;50.48364185321935;54.93808084026813;72.38463353954246;74.3891310837144;0.0;0.0;0.0;0.0
531260000;22.59976237551527;24.593859055707796;32.40407105312851;33.30141455921515;203.3978613796374;221.34473150137018;291.6366394781566;299.71273103293635;0.0;0.0;0.0;0.0
531310000;3.9427642993255057;4.29065526691305;5.6532282232976;5.809779158711995;35.484878693929545;38.615897402217456;50.8790540096784;52.28801242840795;0.0;0.0;0.0;0.0
531030000;43.390730819896476;47.219324715769694;62.2146508079398;63.93751806108275;390.5165773790682;424.9739224419273;559.9318572714582;575.4376625497447;0.0;0.0;0.0;0.0
532350000;4.5118230641766095;4.909925099251017;6.469158069959109;6.648303985742592;40.60640757758948;44.18932589325915;58.222422629631986;59.83473587168333;0.0;0.0;0.0;0.0
531750000;27.639997149910762;30.078820427844068;39.63087826641617;40.72834874148615;248.75997434919682;270.7093838505966;356.6779043977455;366.5551386733754;0.0;0.0;0.0;0.0
532140000;3.434676116422734;3.737735773754152;4.924719431635538;5.061096277434676;30.912085047804606;33.63962196378737;44.322474884719846;45.54986649691209;0.0;0.0;0.0;0.0
530900000;3.312734952526069;3.6050350953960164;4.749877321636643;4.88141238592812;29.814614572734616;32.44531585856415;42.748895894729785;43.93271147335307;0.0;0.0;0.0;0.0
530820000;13.06802806425934;14.221089364046929;18.737246121548317;19.256123706452733;117.61225257833404;127.98980427642236;168.63521509393485;173.30511335807458;0.0;0.0;0.0;0.0
532280000;11.990881116505383;13.048900038549977;17.19280748322463;17.668915998144698;107.91793004854844;117.4401003469498;154.73526734902168;159.0202439833023;0.0;0.0;0.0;0.0
